id,name,parent_department
0525d361-f6a2-4505-a92d-daf79f93f38e,Engineering,
e6f432bb-7da5-4169-a362-5ecf453c30ff,Finance,
16ecdddc-2809-4820-bc42-05fd5579797d,Sales,
3e75d00e-4b19-4795-a914-f4a06f8267b4,People Ops,
a1000001-f6a2-4505-a92d-daf79f93f001,Frontend,0525d361-f6a2-4505-a92d-daf79f93f38e
a1000002-f6a2-4505-a92d-daf79f93f002,Backend,0525d361-f6a2-4505-a92d-daf79f93f38e
a1000003-f6a2-4505-a92d-daf79f93f003,Platform,0525d361-f6a2-4505-a92d-daf79f93f38e
a1000004-16ec-4820-bc42-05fd55797001,Direct Sales,16ecdddc-2809-4820-bc42-05fd5579797d
a1000005-16ec-4820-bc42-05fd55797002,Channel Partners,16ecdddc-2809-4820-bc42-05fd5579797d
